<?xml version="1.0" encoding="UTF-8"?>
<!-- Generated by eXe - http://exelearning.net -->
<manifest identifier="eXe_FINAL_AVA5b28f14823bb7f7dfb27" 
xmlns:xsi="http://www.w3.org/2001/XMLSchema-instance" 
xmlns:adlcp="http://www.adlnet.org/xsd/adlcp_v1p3" 
xmlns:adlseq="http://www.adlnet.org/xsd/adlseq_v1p3" 
xmlns:adlnav="http://www.adlnet.org/xsd/adlnav_v1p3" 
xmlns:imsss="http://www.imsglobal.org/xsd/imsss" 
xmlns:lom="http://ltsc.ieee.org/xsd/LOM" 
xmlns:lomes="http://ltsc.ieee.org/xsd/LOM" 
xmlns="http://www.imsglobal.org/xsd/imscp_v1p1" 
xsi:schemaLocation="http://www.imsglobal.org/xsd/imscp_v1p1 imscp_v1p1.xsd http://ltsc.ieee.org/xsd/LOM lomCustom.xsd http://www.adlnet.org/xsd/adlcp_v1p3 adlcp_v1p3.xsd  http://www.imsglobal.org/xsd/imsss imsss_v1p0.xsd  http://www.adlnet.org/xsd/adlseq_v1p3 adlseq_v1p3.xsd http://www.adlnet.org/xsd/adlnav_v1p3 adlnav_v1p3.xsd"> 
<metadata> 
 <schema>ADL SCORM</schema> 
 <schemaversion>2004 3rd Edition</schemaversion> 
 <adlcp:location>imslrm.xml</adlcp:location> 
</metadata> 
<organizations default="eXe_FINAL_AVA5b28f14823bb7f7dfb28">  
    <organization identifier="eXe_FINAL_AVA5b28f14823bb7f7dfb28" structure="hierarchical">
        <title>educación ambiental</title>
<item identifier="ITEM-eXe_FINAL_AVA5b28f14823bb7f7dfb29" isvisible="true">
    <title>Presentación</title>
<item identifier="ITEM-eXe_FINAL_AVA5b28f14823bb7f7dfb2a" isvisible="true" identifierref="RES-eXe_FINAL_AVA5b28f14823bb7f7dfb2b">
    <title>&lt;-</title>
</item>
<item identifier="ITEM-eXe_FINAL_AVA5b28f14823bb7f7dfb2c" isvisible="true" identifierref="RES-eXe_FINAL_AVA5b28f14823bb7f7dfb2d">
    <title>Objetivos</title>
</item>
<item identifier="ITEM-eXe_FINAL_AVA5b28f14823bb7f7dfe2e" isvisible="true" identifierref="RES-eXe_FINAL_AVA5b28f14823bb7f7dfe2f">
    <title>Conocimientos Previos</title>
</item>
<item identifier="ITEM-eXe_FINAL_AVA5b28f14823bb7f7dff30" isvisible="true" identifierref="RES-eXe_FINAL_AVA5b28f14823bb7f7dff31">
    <title>La Educación Ambiental</title>
</item>
<item identifier="ITEM-eXe_FINAL_AVA5b28f14823bb7f7e0032" isvisible="true">
    <title>¿Qué es un residuo?</title>
<item identifier="ITEM-eXe_FINAL_AVA5b28f14823bb7f7e0033" isvisible="true" identifierref="RES-eXe_FINAL_AVA5b28f14823bb7f7e0034">
    <title>&lt;-</title>
</item>
<item identifier="ITEM-eXe_FINAL_AVA5b28f14823bb7f7e0135" isvisible="true" identifierref="RES-eXe_FINAL_AVA5b28f14823bb7f7e0136">
    <title>Clasificación de los Residuos</title>
</item>
<item identifier="ITEM-eXe_FINAL_AVA5b28f14823bb7f7e0137" isvisible="true" identifierref="RES-eXe_FINAL_AVA5b28f14823bb7f7e0138">
    <title>Gestión de residuos</title>
</item>
<item identifier="ITEM-eXe_FINAL_AVA5b28f14823bb7f7e0239" isvisible="true" identifierref="RES-eXe_FINAL_AVA5b28f14823bb7f7e023a">
    <title>Las consecuencias de la generación de Residuos</title>
</item>
  <imsss:sequencing>
    <imsss:controlMode choice="true" choiceExit="true" flow="true" forwardOnly="false"/>
  </imsss:sequencing></item>
<item identifier="ITEM-eXe_FINAL_AVA5b28f14823bb7f7e023b" isvisible="true">
    <title>Aumento en la demanda de recursos naturales</title>
<item identifier="ITEM-eXe_FINAL_AVA5b28f14823bb7f7e023c" isvisible="true" identifierref="RES-eXe_FINAL_AVA5b28f14823bb7f7e023d">
    <title>&lt;-</title>
</item>
<item identifier="ITEM-eXe_FINAL_AVA5b28f14823bb7f7e033e" isvisible="true" identifierref="RES-eXe_FINAL_AVA5b28f14823bb7f7e033f">
    <title>Impactos ambientales por el mal manejo de residuos en la eliminación</title>
</item>
  <imsss:sequencing>
    <imsss:controlMode choice="true" choiceExit="true" flow="true" forwardOnly="false"/>
  </imsss:sequencing></item>
<item identifier="ITEM-eXe_FINAL_AVA5b28f14823bb7f7e0340" isvisible="true">
    <title>Consejo de buenas prácticas</title>
<item identifier="ITEM-eXe_FINAL_AVA5b28f14823bb7f7e0341" isvisible="true" identifierref="RES-eXe_FINAL_AVA5b28f14823bb7f7e0342">
    <title>&lt;-</title>
</item>
<item identifier="ITEM-eXe_FINAL_AVA5b28f14823bb7f7e0343" isvisible="true" identifierref="RES-eXe_FINAL_AVA5b28f14823bb7f7e0344">
    <title>¿Cómo prevenir la generación de residuos?</title>
</item>
<item identifier="ITEM-eXe_FINAL_AVA5b28f14823bb7f7e0445" isvisible="true" identifierref="RES-eXe_FINAL_AVA5b28f14823bb7f7e0446">
    <title>Compras verdes sustentables</title>
</item>
<item identifier="ITEM-eXe_FINAL_AVA5b28f14823bb7f7e0447" isvisible="true" identifierref="RES-eXe_FINAL_AVA5b28f14823bb7f7e0448">
    <title>Prefiere productos de mayor vida útil.</title>
</item>
<item identifier="ITEM-eXe_FINAL_AVA5b28f14823bb7f7e0449" isvisible="true" identifierref="RES-eXe_FINAL_AVA5b28f14823bb7f7e044a">
    <title>Evita los productos con envase desechable</title>
</item>
  <imsss:sequencing>
    <imsss:controlMode choice="true" choiceExit="true" flow="true" forwardOnly="false"/>
  </imsss:sequencing></item>
<item identifier="ITEM-eXe_FINAL_AVA5b28f14823bb7f7e044b" isvisible="true" identifierref="RES-eXe_FINAL_AVA5b28f14823bb7f7e044c">
    <title>actividad 1</title>
</item>
  <imsss:sequencing>
    <imsss:controlMode choice="true" choiceExit="true" flow="true" forwardOnly="false"/>
  </imsss:sequencing></item>
  <imsss:sequencing>
    <imsss:controlMode choice="true" choiceExit="true" flow="true" forwardOnly="false"/>
  </imsss:sequencing>  </organization>
</organizations>
<resources>
  <resource identifier="RES-eXe_FINAL_AVA5b28f14823bb7f7dfb2b" type="webcontent" adlcp:scormType="sco" href="index.html"> 
    <file href="index.html"/> 
    <file href="exe_html5.js"/>
    <dependency identifierref="COMMON_FILES"/>
  </resource>
  <resource identifier="RES-eXe_FINAL_AVA5b28f14823bb7f7dfb2d" type="webcontent" adlcp:scormType="sco" href="objetivos.html"> 
    <file href="objetivos.html"/> 
    <file href="exe_html5.js"/>
    <file href="common.js"/>
    <dependency identifierref="COMMON_FILES"/>
  </resource>
  <resource identifier="RES-eXe_FINAL_AVA5b28f14823bb7f7dfe2f" type="webcontent" adlcp:scormType="sco" href="conocimientos_previos.html"> 
    <file href="conocimientos_previos.html"/> 
    <file href="exe_html5.js"/>
    <dependency identifierref="COMMON_FILES"/>
  </resource>
  <resource identifier="RES-eXe_FINAL_AVA5b28f14823bb7f7dff31" type="webcontent" adlcp:scormType="sco" href="la_educacin_ambiental.html"> 
    <file href="la_educacin_ambiental.html"/> 
    <file href="exe_html5.js"/>
    <file href="imagen_1.jpg"/>
    <file href="EDUCACION_AMBIENTAL.png"/>
    <file href="exe_media.css"/>
    <file href="exe_media.js"/>
    <file href="exe_media_background.png"/>
    <file href="exe_media_bigplay.png"/>
    <file href="exe_media_bigplay.svg"/>
    <file href="exe_media_controls.png"/>
    <file href="exe_media_controls.svg"/>
    <file href="exe_media_flashPlayer.swf"/>
    <file href="exe_media_loading.gif"/>
    <file href="exe_media_silverlightPlayer.xap"/>
    <dependency identifierref="COMMON_FILES"/>
  </resource>
  <resource identifier="RES-eXe_FINAL_AVA5b28f14823bb7f7e0034" type="webcontent" adlcp:scormType="sco" href="qu_es_un_residuo.html"> 
    <file href="qu_es_un_residuo.html"/> 
    <file href="exe_html5.js"/>
    <file href="imagen_2.jpg"/>
    <dependency identifierref="COMMON_FILES"/>
  </resource>
  <resource identifier="RES-eXe_FINAL_AVA5b28f14823bb7f7e0136" type="webcontent" adlcp:scormType="sco" href="clasificacin_de_los_residuos.html"> 
    <file href="clasificacin_de_los_residuos.html"/> 
    <file href="exe_html5.js"/>
    <file href="imagen_3.jpg"/>
    <file href="ResiduosSolidos.jpg"/>
    <dependency identifierref="COMMON_FILES"/>
  </resource>
  <resource identifier="RES-eXe_FINAL_AVA5b28f14823bb7f7e0138" type="webcontent" adlcp:scormType="sco" href="gestin_de_residuos.html"> 
    <file href="gestin_de_residuos.html"/> 
    <file href="exe_html5.js"/>
    <file href="imagen_4.jpg"/>
    <dependency identifierref="COMMON_FILES"/>
  </resource>
  <resource identifier="RES-eXe_FINAL_AVA5b28f14823bb7f7e023a" type="webcontent" adlcp:scormType="sco" href="las_consecuencias_de_la_generacin_de_residuos.html"> 
    <file href="las_consecuencias_de_la_generacin_de_residuos.html"/> 
    <file href="exe_html5.js"/>
    <file href="imagen_5.jpg"/>
    <file href="imagen_7.jpg"/>
    <file href="imagen_6.jpg"/>
    <dependency identifierref="COMMON_FILES"/>
  </resource>
  <resource identifier="RES-eXe_FINAL_AVA5b28f14823bb7f7e023d" type="webcontent" adlcp:scormType="sco" href="aumento_en_la_demanda_de_recursos_naturales.html"> 
    <file href="aumento_en_la_demanda_de_recursos_naturales.html"/> 
    <file href="exe_html5.js"/>
    <file href="imagen_8.jpg"/>
    <dependency identifierref="COMMON_FILES"/>
  </resource>
  <resource identifier="RES-eXe_FINAL_AVA5b28f14823bb7f7e033f" type="webcontent" adlcp:scormType="sco" href="impactos_ambientales_por_el_mal_manejo_de_residuos_en_la_eliminacin.html"> 
    <file href="impactos_ambientales_por_el_mal_manejo_de_residuos_en_la_eliminacin.html"/> 
    <file href="exe_html5.js"/>
    <file href="imagen_010.jpg.png"/>
    <file href="imagen_9.jpg"/>
    <file href="imagen_011.jpg"/>
    <dependency identifierref="COMMON_FILES"/>
  </resource>
  <resource identifier="RES-eXe_FINAL_AVA5b28f14823bb7f7e0342" type="webcontent" adlcp:scormType="sco" href="consejo_de_buenas_prcticas.html"> 
    <file href="consejo_de_buenas_prcticas.html"/> 
    <file href="exe_html5.js"/>
    <dependency identifierref="COMMON_FILES"/>
  </resource>
  <resource identifier="RES-eXe_FINAL_AVA5b28f14823bb7f7e0344" type="webcontent" adlcp:scormType="sco" href="cmo_prevenir_la_generacin_de_residuos.html"> 
    <file href="cmo_prevenir_la_generacin_de_residuos.html"/> 
    <file href="exe_html5.js"/>
    <file href="imagen_012.jpg"/>
    <dependency identifierref="COMMON_FILES"/>
  </resource>
  <resource identifier="RES-eXe_FINAL_AVA5b28f14823bb7f7e0446" type="webcontent" adlcp:scormType="sco" href="compras_verdes_sustentables.html"> 
    <file href="compras_verdes_sustentables.html"/> 
    <file href="exe_html5.js"/>
    <dependency identifierref="COMMON_FILES"/>
  </resource>
  <resource identifier="RES-eXe_FINAL_AVA5b28f14823bb7f7e0448" type="webcontent" adlcp:scormType="sco" href="prefiere_productos_de_mayor_vida_til.html"> 
    <file href="prefiere_productos_de_mayor_vida_til.html"/> 
    <file href="exe_html5.js"/>
    <file href="imagen_014.jpg"/>
    <dependency identifierref="COMMON_FILES"/>
  </resource>
  <resource identifier="RES-eXe_FINAL_AVA5b28f14823bb7f7e044a" type="webcontent" adlcp:scormType="sco" href="evita_los_productos_con_envase_desechable.html"> 
    <file href="evita_los_productos_con_envase_desechable.html"/> 
    <file href="exe_html5.js"/>
    <file href="imagen_015.jpg"/>
    <dependency identifierref="COMMON_FILES"/>
  </resource>
  <resource identifier="RES-eXe_FINAL_AVA5b28f14823bb7f7e044c" type="webcontent" adlcp:scormType="sco" href="actividad_1.html"> 
    <file href="actividad_1.html"/> 
    <file href="exe_html5.js"/>
    <file href="stock-stop.png"/>
    <file href="panel-amusements.png"/>
    <file href="common.js"/>
    <dependency identifierref="COMMON_FILES"/>
  </resource>
  <resource identifier="COMMON_FILES" type="webcontent" adlcp:scormType="asset">
    <file href="config.xml"/>
    <file href="content.css"/>
    <file href="icon_activity.gif"/>
    <file href="icon_assess.gif"/>
    <file href="icon_assignment.gif"/>
    <file href="icon_attention.gif"/>
    <file href="icon_calc.gif"/>
    <file href="icon_casestudy.gif"/>
    <file href="icon_define.gif"/>
    <file href="icon_diagnosis.gif"/>
    <file href="icon_discussion.gif"/>
    <file href="icon_experiment.gif"/>
    <file href="icon_e_gloss.gif"/>
    <file href="icon_e_journal.gif"/>
    <file href="icon_gallery.gif"/>
    <file href="icon_generic.gif"/>
    <file href="icon_inter.gif"/>
    <file href="icon_key_points.gif"/>
    <file href="icon_multimedia.gif"/>
    <file href="icon_objectives.gif"/>
    <file href="icon_preknowledge.gif"/>
    <file href="icon_present.gif"/>
    <file href="icon_question.gif"/>
    <file href="icon_reading.gif"/>
    <file href="icon_reflection.gif"/>
    <file href="icon_review.gif"/>
    <file href="icon_summary.gif"/>
    <file href="icon_synthesis.gif"/>
    <file href="icon_technology.gif"/>
    <file href="icon_time.gif"/>
    <file href="icon_web_resource.gif"/>
    <file href="my_header.jpg"/>
    <file href="my_header_fullscreen.jpg"/>
    <file href="my_hide_show.png"/>
    <file href="my_ims_header.jpg"/>
    <file href="my_js.js"/>
    <file href="my_list.gif"/>
    <file href="my_logo.jpg"/>
    <file href="my_nav_arrow.gif"/>
    <file href="nav.css"/>
    <file href="base.css"/>
    <file href="popup_bg.gif"/>
    <file href="SCORM_API_wrapper.js"/>
    <file href="SCOFunctions.js"/>
    <file href="exe_jquery.js"/>
  </resource>
</resources>
</manifest>
